[{"model": "contenttypes.contenttype", "pk": 1, "fields": {"app_label": "admin", "model": "logentry"}}, {"model": "contenttypes.contenttype", "pk": 2, "fields": {"app_label": "auth", "model": "permission"}}, {"model": "contenttypes.contenttype", "pk": 3, "fields": {"app_label": "auth", "model": "group"}}, {"model": "contenttypes.contenttype", "pk": 4, "fields": {"app_label": "auth", "model": "user"}}, {"model": "contenttypes.contenttype", "pk": 5, "fields": {"app_label": "contenttypes", "model": "contenttype"}}, {"model": "contenttypes.contenttype", "pk": 6, "fields": {"app_label": "sessions", "model": "session"}}, {"model": "contenttypes.contenttype", "pk": 7, "fields": {"app_label": "blog", "model": "blogtype"}}, {"model": "contenttypes.contenttype", "pk": 8, "fields": {"app_label": "blog", "model": "blog"}}, {"model": "contenttypes.contenttype", "pk": 9, "fields": {"app_label": "blog", "model": "readnum"}}, {"model": "contenttypes.contenttype", "pk": 10, "fields": {"app_label": "read_statistics", "model": "readnum"}}, {"model": "contenttypes.contenttype", "pk": 11, "fields": {"app_label": "read_statistics", "model": "readdetail"}}, {"model": "contenttypes.contenttype", "pk": 12, "fields": {"app_label": "comment", "model": "comment"}}, {"model": "contenttypes.contenttype", "pk": 13, "fields": {"app_label": "likes", "model": "likecount"}}, {"model": "contenttypes.contenttype", "pk": 14, "fields": {"app_label": "likes", "model": "likerecord"}}, {"model": "contenttypes.contenttype", "pk": 15, "fields": {"app_label": "user", "model": "profile"}}, {"model": "sessions.session", "pk": "0tmdwyagayy8fkcdi15az4w18tu1hi0g", "fields": {"session_data": "ZDNmZGQxYjg5ZTU1NWQzODg4MGZjYTFkN2ViYWY1ZGFlYTQ1NWNhYTp7Il9hdXRoX3VzZXJfaWQiOiIxIiwiX2F1dGhfdXNlcl9iYWNrZW5kIjoiZGphbmdvLmNvbnRyaWIuYXV0aC5iYWNrZW5kcy5Nb2RlbEJhY2tlbmQiLCJfYXV0aF91c2VyX2hhc2giOiJkNTc3N2I3ZTNhOWE0MDJjMjUwMTFjZTEyZTY5YTc1MzE1YjQyNDk5In0=", "expire_date": "2018-11-23T08:59:34.190Z"}}, {"model": "sessions.session", "pk": "553ruttuykacscilicm81vfv10djjtky", "fields": {"session_data": "MGEyMTJjODgyOThjNmM0MjZlYTU1ZTI2MmE0ZGJjMWNmZDE1ODg4NTp7Il9hdXRoX3VzZXJfaWQiOiIxIiwiX2F1dGhfdXNlcl9iYWNrZW5kIjoiZGphbmdvLmNvbnRyaWIuYXV0aC5iYWNrZW5kcy5Nb2RlbEJhY2tlbmQiLCJfYXV0aF91c2VyX2hhc2giOiI1Y2UyYjBjZDgwYzEwNjRmNmViNDIyOTgzNzMyMzM2NDg0NzFiYzdiIn0=", "expire_date": "2018-11-27T11:15:49.576Z"}}, {"model": "sessions.session", "pk": "cccvno7svqniteisg05b8uc9jgp29y7s", "fields": {"session_data": "ZDNmZGQxYjg5ZTU1NWQzODg4MGZjYTFkN2ViYWY1ZGFlYTQ1NWNhYTp7Il9hdXRoX3VzZXJfaWQiOiIxIiwiX2F1dGhfdXNlcl9iYWNrZW5kIjoiZGphbmdvLmNvbnRyaWIuYXV0aC5iYWNrZW5kcy5Nb2RlbEJhY2tlbmQiLCJfYXV0aF91c2VyX2hhc2giOiJkNTc3N2I3ZTNhOWE0MDJjMjUwMTFjZTEyZTY5YTc1MzE1YjQyNDk5In0=", "expire_date": "2018-11-08T12:14:00.995Z"}}, {"model": "sessions.session", "pk": "jtg7bamk2dn2jxlf411zoutr4g08z9ah", "fields": {"session_data": "ZDNmZGQxYjg5ZTU1NWQzODg4MGZjYTFkN2ViYWY1ZGFlYTQ1NWNhYTp7Il9hdXRoX3VzZXJfaWQiOiIxIiwiX2F1dGhfdXNlcl9iYWNrZW5kIjoiZGphbmdvLmNvbnRyaWIuYXV0aC5iYWNrZW5kcy5Nb2RlbEJhY2tlbmQiLCJfYXV0aF91c2VyX2hhc2giOiJkNTc3N2I3ZTNhOWE0MDJjMjUwMTFjZTEyZTY5YTc1MzE1YjQyNDk5In0=", "expire_date": "2018-11-22T07:17:55.594Z"}}, {"model": "sessions.session", "pk": "ncrnyza36k4cdvzhycddcsifcl337b0o", "fields": {"session_data": "ZDNmZGQxYjg5ZTU1NWQzODg4MGZjYTFkN2ViYWY1ZGFlYTQ1NWNhYTp7Il9hdXRoX3VzZXJfaWQiOiIxIiwiX2F1dGhfdXNlcl9iYWNrZW5kIjoiZGphbmdvLmNvbnRyaWIuYXV0aC5iYWNrZW5kcy5Nb2RlbEJhY2tlbmQiLCJfYXV0aF91c2VyX2hhc2giOiJkNTc3N2I3ZTNhOWE0MDJjMjUwMTFjZTEyZTY5YTc1MzE1YjQyNDk5In0=", "expire_date": "2018-11-24T03:28:22.689Z"}}, {"model": "blog.blogtype", "pk": 1, "fields": {"type_name": "Django"}}, {"model": "blog.blogtype", "pk": 2, "fields": {"type_name": "\u968f\u7b14"}}, {"model": "blog.blogtype", "pk": 3, "fields": {"type_name": "\u611f\u609f"}}, {"model": "read_statistics.readnum", "pk": 1, "fields": {"read_num": 44, "content_type": 8, "object_id": 36}}, {"model": "read_statistics.readnum", "pk": 2, "fields": {"read_num": 7, "content_type": 8, "object_id": 34}}, {"model": "read_statistics.readnum", "pk": 3, "fields": {"read_num": 3, "content_type": 8, "object_id": 32}}, {"model": "read_statistics.readnum", "pk": 4, "fields": {"read_num": 3, "content_type": 8, "object_id": 35}}, {"model": "read_statistics.readnum", "pk": 5, "fields": {"read_num": 7, "content_type": 8, "object_id": 33}}, {"model": "read_statistics.readnum", "pk": 6, "fields": {"read_num": 2, "content_type": 8, "object_id": 31}}, {"model": "read_statistics.readnum", "pk": 7, "fields": {"read_num": 1, "content_type": 8, "object_id": 29}}, {"model": "read_statistics.readnum", "pk": 8, "fields": {"read_num": 6, "content_type": 8, "object_id": 30}}, {"model": "read_statistics.readnum", "pk": 9, "fields": {"read_num": 3, "content_type": 8, "object_id": 27}}, {"model": "read_statistics.readnum", "pk": 10, "fields": {"read_num": 2, "content_type": 8, "object_id": 25}}, {"model": "read_statistics.readnum", "pk": 11, "fields": {"read_num": 2, "content_type": 8, "object_id": 23}}, {"model": "read_statistics.readnum", "pk": 12, "fields": {"read_num": 1, "content_type": 8, "object_id": 19}}, {"model": "read_statistics.readnum", "pk": 13, "fields": {"read_num": 3, "content_type": 8, "object_id": 17}}, {"model": "read_statistics.readnum", "pk": 14, "fields": {"read_num": 1, "content_type": 8, "object_id": 16}}, {"model": "read_statistics.readnum", "pk": 15, "fields": {"read_num": 1, "content_type": 8, "object_id": 28}}, {"model": "read_statistics.readnum", "pk": 16, "fields": {"read_num": 2, "content_type": 8, "object_id": 20}}, {"model": "read_statistics.readnum", "pk": 17, "fields": {"read_num": 2, "content_type": 8, "object_id": 9}}, {"model": "read_statistics.readnum", "pk": 18, "fields": {"read_num": 1, "content_type": 8, "object_id": 7}}, {"model": "read_statistics.readdetail", "pk": 1, "fields": {"date": "2018-11-05", "read_num": 4, "content_type": 8, "object_id": 36}}, {"model": "read_statistics.readdetail", "pk": 2, "fields": {"date": "2018-11-06", "read_num": 1, "content_type": 8, "object_id": 35}}, {"model": "read_statistics.readdetail", "pk": 3, "fields": {"date": "2018-11-07", "read_num": 1, "content_type": 8, "object_id": 36}}, {"model": "read_statistics.readdetail", "pk": 4, "fields": {"date": "2018-11-07", "read_num": 1, "content_type": 8, "object_id": 33}}, {"model": "read_statistics.readdetail", "pk": 5, "fields": {"date": "2018-11-07", "read_num": 1, "content_type": 8, "object_id": 31}}, {"model": "read_statistics.readdetail", "pk": 6, "fields": {"date": "2018-11-07", "read_num": 1, "content_type": 8, "object_id": 29}}, {"model": "read_statistics.readdetail", "pk": 7, "fields": {"date": "2018-11-07", "read_num": 1, "content_type": 8, "object_id": 35}}, {"model": "read_statistics.readdetail", "pk": 8, "fields": {"date": "2018-11-07", "read_num": 1, "content_type": 8, "object_id": 32}}, {"model": "read_statistics.readdetail", "pk": 9, "fields": {"date": "2018-11-07", "read_num": 1, "content_type": 8, "object_id": 30}}, {"model": "read_statistics.readdetail", "pk": 10, "fields": {"date": "2018-11-07", "read_num": 1, "content_type": 8, "object_id": 20}}, {"model": "read_statistics.readdetail", "pk": 11, "fields": {"date": "2018-11-07", "read_num": 1, "content_type": 8, "object_id": 17}}, {"model": "read_statistics.readdetail", "pk": 12, "fields": {"date": "2018-11-07", "read_num": 1, "content_type": 8, "object_id": 7}}, {"model": "read_statistics.readdetail", "pk": 13, "fields": {"date": "2018-11-08", "read_num": 3, "content_type": 8, "object_id": 36}}, {"model": "read_statistics.readdetail", "pk": 14, "fields": {"date": "2018-11-08", "read_num": 1, "content_type": 8, "object_id": 34}}, {"model": "read_statistics.readdetail", "pk": 15, "fields": {"date": "2018-11-08", "read_num": 1, "content_type": 8, "object_id": 35}}, {"model": "read_statistics.readdetail", "pk": 16, "fields": {"date": "2018-11-09", "read_num": 1, "content_type": 8, "object_id": 36}}, {"model": "read_statistics.readdetail", "pk": 17, "fields": {"date": "2018-11-10", "read_num": 3, "content_type": 8, "object_id": 36}}, {"model": "read_statistics.readdetail", "pk": 18, "fields": {"date": "2018-11-11", "read_num": 1, "content_type": 8, "object_id": 36}}, {"model": "read_statistics.readdetail", "pk": 19, "fields": {"date": "2018-11-12", "read_num": 1, "content_type": 8, "object_id": 36}}, {"model": "read_statistics.readdetail", "pk": 20, "fields": {"date": "2018-11-12", "read_num": 1, "content_type": 8, "object_id": 33}}, {"model": "read_statistics.readdetail", "pk": 21, "fields": {"date": "2018-11-13", "read_num": 1, "content_type": 8, "object_id": 36}}, {"model": "read_statistics.readdetail", "pk": 22, "fields": {"date": "2018-11-13", "read_num": 1, "content_type": 8, "object_id": 33}}, {"model": "read_statistics.readdetail", "pk": 23, "fields": {"date": "2018-11-13", "read_num": 1, "content_type": 8, "object_id": 32}}, {"model": "read_statistics.readdetail", "pk": 24, "fields": {"date": "2018-11-13", "read_num": 1, "content_type": 8, "object_id": 31}}, {"model": "read_statistics.readdetail", "pk": 25, "fields": {"date": "2018-11-14", "read_num": 1, "content_type": 8, "object_id": 36}}, {"model": "read_statistics.readdetail", "pk": 26, "fields": {"date": "2018-11-14", "read_num": 1, "content_type": 8, "object_id": 33}}, {"model": "read_statistics.readdetail", "pk": 27, "fields": {"date": "2018-11-18", "read_num": 1, "content_type": 8, "object_id": 36}}, {"model": "read_statistics.readdetail", "pk": 28, "fields": {"date": "2018-11-19", "read_num": 1, "content_type": 8, "object_id": 36}}, {"model": "likes.likecount", "pk": 1, "fields": {"content_type": 8, "object_id": 36, "liked_num": 1}}, {"model": "likes.likecount", "pk": 2, "fields": {"content_type": 8, "object_id": 35, "liked_num": 0}}, {"model": "likes.likecount", "pk": 3, "fields": {"content_type": 8, "object_id": 34, "liked_num": 0}}, {"model": "likes.likecount", "pk": 4, "fields": {"content_type": 8, "object_id": 33, "liked_num": 1}}, {"model": "likes.likecount", "pk": 5, "fields": {"content_type": 8, "object_id": 32, "liked_num": 1}}, {"model": "likes.likecount", "pk": 6, "fields": {"content_type": 8, "object_id": 31, "liked_num": 1}}, {"model": "likes.likecount", "pk": 7, "fields": {"content_type": 8, "object_id": 30, "liked_num": 0}}, {"model": "likes.likecount", "pk": 8, "fields": {"content_type": 12, "object_id": 38, "liked_num": 0}}, {"model": "likes.likecount", "pk": 9, "fields": {"content_type": 12, "object_id": 39, "liked_num": 0}}, {"model": "likes.likecount", "pk": 10, "fields": {"content_type": 12, "object_id": 40, "liked_num": 0}}, {"model": "likes.likecount", "pk": 11, "fields": {"content_type": 12, "object_id": 37, "liked_num": 0}}, {"model": "likes.likecount", "pk": 12, "fields": {"content_type": 12, "object_id": 35, "liked_num": 0}}, {"model": "likes.likecount", "pk": 13, "fields": {"content_type": 12, "object_id": 34, "liked_num": 0}}, {"model": "likes.likecount", "pk": 14, "fields": {"content_type": 12, "object_id": 33, "liked_num": 0}}, {"model": "likes.likecount", "pk": 15, "fields": {"content_type": 12, "object_id": 32, "liked_num": 0}}, {"model": "likes.likecount", "pk": 16, "fields": {"content_type": 12, "object_id": 31, "liked_num": 0}}, {"model": "likes.likecount", "pk": 17, "fields": {"content_type": 12, "object_id": 30, "liked_num": 0}}, {"model": "likes.likecount", "pk": 18, "fields": {"content_type": 12, "object_id": 29, "liked_num": 0}}, {"model": "likes.likecount", "pk": 19, "fields": {"content_type": 12, "object_id": 28, "liked_num": 0}}, {"model": "likes.likecount", "pk": 20, "fields": {"content_type": 12, "object_id": 27, "liked_num": 0}}, {"model": "likes.likecount", "pk": 21, "fields": {"content_type": 12, "object_id": 26, "liked_num": 0}}, {"model": "likes.likecount", "pk": 22, "fields": {"content_type": 12, "object_id": 25, "liked_num": 0}}, {"model": "likes.likecount", "pk": 23, "fields": {"content_type": 12, "object_id": 36, "liked_num": 0}}, {"model": "likes.likecount", "pk": 24, "fields": {"content_type": 12, "object_id": 20, "liked_num": 0}}, {"model": "likes.likecount", "pk": 25, "fields": {"content_type": 12, "object_id": 22, "liked_num": 0}}, {"model": "likes.likecount", "pk": 26, "fields": {"content_type": 12, "object_id": 23, "liked_num": 0}}, {"model": "likes.likecount", "pk": 27, "fields": {"content_type": 12, "object_id": 24, "liked_num": 0}}, {"model": "likes.likecount", "pk": 28, "fields": {"content_type": 12, "object_id": 19, "liked_num": 0}}, {"model": "likes.likecount", "pk": 29, "fields": {"content_type": 12, "object_id": 18, "liked_num": 0}}, {"model": "likes.likecount", "pk": 30, "fields": {"content_type": 12, "object_id": 17, "liked_num": 0}}, {"model": "likes.likecount", "pk": 31, "fields": {"content_type": 12, "object_id": 16, "liked_num": 0}}, {"model": "likes.likecount", "pk": 32, "fields": {"content_type": 12, "object_id": 15, "liked_num": 0}}, {"model": "likes.likecount", "pk": 33, "fields": {"content_type": 12, "object_id": 14, "liked_num": 0}}, {"model": "likes.likecount", "pk": 34, "fields": {"content_type": 12, "object_id": 13, "liked_num": 0}}, {"model": "likes.likecount", "pk": 35, "fields": {"content_type": 12, "object_id": 12, "liked_num": 0}}, {"model": "likes.likecount", "pk": 36, "fields": {"content_type": 12, "object_id": 11, "liked_num": 0}}, {"model": "likes.likecount", "pk": 37, "fields": {"content_type": 12, "object_id": 10, "liked_num": 0}}, {"model": "likes.likecount", "pk": 38, "fields": {"content_type": 12, "object_id": 9, "liked_num": 0}}, {"model": "likes.likecount", "pk": 39, "fields": {"content_type": 12, "object_id": 8, "liked_num": 0}}, {"model": "likes.likecount", "pk": 40, "fields": {"content_type": 12, "object_id": 7, "liked_num": 0}}, {"model": "likes.likecount", "pk": 41, "fields": {"content_type": 12, "object_id": 6, "liked_num": 0}}, {"model": "likes.likecount", "pk": 42, "fields": {"content_type": 12, "object_id": 5, "liked_num": 0}}, {"model": "likes.likecount", "pk": 43, "fields": {"content_type": 12, "object_id": 4, "liked_num": 0}}, {"model": "likes.likecount", "pk": 44, "fields": {"content_type": 12, "object_id": 3, "liked_num": 0}}, {"model": "likes.likecount", "pk": 45, "fields": {"content_type": 12, "object_id": 2, "liked_num": 0}}, {"model": "likes.likecount", "pk": 46, "fields": {"content_type": 12, "object_id": 1, "liked_num": 0}}, {"model": "likes.likecount", "pk": 47, "fields": {"content_type": 12, "object_id": 42, "liked_num": 0}}, {"model": "likes.likecount", "pk": 48, "fields": {"content_type": 12, "object_id": 43, "liked_num": 0}}, {"model": "likes.likecount", "pk": 49, "fields": {"content_type": 12, "object_id": 44, "liked_num": 0}}, {"model": "likes.likecount", "pk": 50, "fields": {"content_type": 12, "object_id": 45, "liked_num": 0}}, {"model": "likes.likecount", "pk": 51, "fields": {"content_type": 12, "object_id": 46, "liked_num": 0}}, {"model": "likes.likecount", "pk": 52, "fields": {"content_type": 12, "object_id": 47, "liked_num": 0}}, {"model": "likes.likecount", "pk": 53, "fields": {"content_type": 12, "object_id": 48, "liked_num": 0}}, {"model": "likes.likecount", "pk": 54, "fields": {"content_type": 12, "object_id": 49, "liked_num": 0}}, {"model": "likes.likecount", "pk": 55, "fields": {"content_type": 12, "object_id": 50, "liked_num": 0}}, {"model": "likes.likecount", "pk": 56, "fields": {"content_type": 12, "object_id": 54, "liked_num": 0}}, {"model": "likes.likecount", "pk": 57, "fields": {"content_type": 12, "object_id": 56, "liked_num": 0}}, {"model": "likes.likecount", "pk": 58, "fields": {"content_type": 12, "object_id": 41, "liked_num": 0}}, {"model": "likes.likecount", "pk": 59, "fields": {"content_type": 12, "object_id": 51, "liked_num": 0}}, {"model": "likes.likecount", "pk": 60, "fields": {"content_type": 12, "object_id": 52, "liked_num": 0}}, {"model": "likes.likecount", "pk": 61, "fields": {"content_type": 12, "object_id": 53, "liked_num": 0}}, {"model": "likes.likecount", "pk": 62, "fields": {"content_type": 12, "object_id": 55, "liked_num": 0}}, {"model": "likes.likecount", "pk": 63, "fields": {"content_type": 12, "object_id": 57, "liked_num": 0}}, {"model": "likes.likecount", "pk": 64, "fields": {"content_type": 12, "object_id": 58, "liked_num": 0}}, {"model": "likes.likecount", "pk": 65, "fields": {"content_type": 12, "object_id": 59, "liked_num": 1}}, {"model": "likes.likecount", "pk": 66, "fields": {"content_type": 12, "object_id": 60, "liked_num": 0}}, {"model": "likes.likecount", "pk": 67, "fields": {"content_type": 12, "object_id": 61, "liked_num": 1}}, {"model": "likes.likecount", "pk": 68, "fields": {"content_type": 12, "object_id": 63, "liked_num": 0}}, {"model": "likes.likecount", "pk": 69, "fields": {"content_type": 12, "object_id": 64, "liked_num": 0}}, {"model": "likes.likecount", "pk": 70, "fields": {"content_type": 12, "object_id": 65, "liked_num": 0}}, {"model": "likes.likecount", "pk": 71, "fields": {"content_type": 12, "object_id": 66, "liked_num": 0}}, {"model": "likes.likecount", "pk": 72, "fields": {"content_type": 12, "object_id": 67, "liked_num": 0}}, {"model": "likes.likecount", "pk": 73, "fields": {"content_type": 12, "object_id": 68, "liked_num": 0}}, {"model": "likes.likecount", "pk": 74, "fields": {"content_type": 8, "object_id": 4, "liked_num": 0}}, {"model": "likes.likecount", "pk": 75, "fields": {"content_type": 8, "object_id": 3, "liked_num": 0}}, {"model": "auth.permission", "pk": 1, "fields": {"name": "Can add log entry", "content_type": 1, "codename": "add_logentry"}}, {"model": "auth.permission", "pk": 2, "fields": {"name": "Can change log entry", "content_type": 1, "codename": "change_logentry"}}, {"model": "auth.permission", "pk": 3, "fields": {"name": "Can delete log entry", "content_type": 1, "codename": "delete_logentry"}}, {"model": "auth.permission", "pk": 4, "fields": {"name": "Can add permission", "content_type": 2, "codename": "add_permission"}}, {"model": "auth.permission", "pk": 5, "fields": {"name": "Can change permission", "content_type": 2, "codename": "change_permission"}}, {"model": "auth.permission", "pk": 6, "fields": {"name": "Can delete permission", "content_type": 2, "codename": "delete_permission"}}, {"model": "auth.permission", "pk": 7, "fields": {"name": "Can add group", "content_type": 3, "codename": "add_group"}}, {"model": "auth.permission", "pk": 8, "fields": {"name": "Can change group", "content_type": 3, "codename": "change_group"}}, {"model": "auth.permission", "pk": 9, "fields": {"name": "Can delete group", "content_type": 3, "codename": "delete_group"}}, {"model": "auth.permission", "pk": 10, "fields": {"name": "Can add user", "content_type": 4, "codename": "add_user"}}, {"model": "auth.permission", "pk": 11, "fields": {"name": "Can change user", "content_type": 4, "codename": "change_user"}}, {"model": "auth.permission", "pk": 12, "fields": {"name": "Can delete user", "content_type": 4, "codename": "delete_user"}}, {"model": "auth.permission", "pk": 13, "fields": {"name": "Can add content type", "content_type": 5, "codename": "add_contenttype"}}, {"model": "auth.permission", "pk": 14, "fields": {"name": "Can change content type", "content_type": 5, "codename": "change_contenttype"}}, {"model": "auth.permission", "pk": 15, "fields": {"name": "Can delete content type", "content_type": 5, "codename": "delete_contenttype"}}, {"model": "auth.permission", "pk": 16, "fields": {"name": "Can add session", "content_type": 6, "codename": "add_session"}}, {"model": "auth.permission", "pk": 17, "fields": {"name": "Can change session", "content_type": 6, "codename": "change_session"}}, {"model": "auth.permission", "pk": 18, "fields": {"name": "Can delete session", "content_type": 6, "codename": "delete_session"}}, {"model": "auth.permission", "pk": 19, "fields": {"name": "Can add blog type", "content_type": 7, "codename": "add_blogtype"}}, {"model": "auth.permission", "pk": 20, "fields": {"name": "Can change blog type", "content_type": 7, "codename": "change_blogtype"}}, {"model": "auth.permission", "pk": 21, "fields": {"name": "Can delete blog type", "content_type": 7, "codename": "delete_blogtype"}}, {"model": "auth.permission", "pk": 22, "fields": {"name": "Can add blog", "content_type": 8, "codename": "add_blog"}}, {"model": "auth.permission", "pk": 23, "fields": {"name": "Can change blog", "content_type": 8, "codename": "change_blog"}}, {"model": "auth.permission", "pk": 24, "fields": {"name": "Can delete blog", "content_type": 8, "codename": "delete_blog"}}, {"model": "auth.permission", "pk": 25, "fields": {"name": "Can add read num", "content_type": 9, "codename": "add_readnum"}}, {"model": "auth.permission", "pk": 26, "fields": {"name": "Can change read num", "content_type": 9, "codename": "change_readnum"}}, {"model": "auth.permission", "pk": 27, "fields": {"name": "Can delete read num", "content_type": 9, "codename": "delete_readnum"}}, {"model": "auth.permission", "pk": 28, "fields": {"name": "Can add read num", "content_type": 10, "codename": "add_readnum"}}, {"model": "auth.permission", "pk": 29, "fields": {"name": "Can change read num", "content_type": 10, "codename": "change_readnum"}}, {"model": "auth.permission", "pk": 30, "fields": {"name": "Can delete read num", "content_type": 10, "codename": "delete_readnum"}}, {"model": "auth.permission", "pk": 31, "fields": {"name": "Can add read detail", "content_type": 11, "codename": "add_readdetail"}}, {"model": "auth.permission", "pk": 32, "fields": {"name": "Can change read detail", "content_type": 11, "codename": "change_readdetail"}}, {"model": "auth.permission", "pk": 33, "fields": {"name": "Can delete read detail", "content_type": 11, "codename": "delete_readdetail"}}, {"model": "auth.permission", "pk": 34, "fields": {"name": "Can add comment", "content_type": 12, "codename": "add_comment"}}, {"model": "auth.permission", "pk": 35, "fields": {"name": "Can change comment", "content_type": 12, "codename": "change_comment"}}, {"model": "auth.permission", "pk": 36, "fields": {"name": "Can delete comment", "content_type": 12, "codename": "delete_comment"}}, {"model": "auth.permission", "pk": 37, "fields": {"name": "Can add like count", "content_type": 13, "codename": "add_likecount"}}, {"model": "auth.permission", "pk": 38, "fields": {"name": "Can change like count", "content_type": 13, "codename": "change_likecount"}}, {"model": "auth.permission", "pk": 39, "fields": {"name": "Can delete like count", "content_type": 13, "codename": "delete_likecount"}}, {"model": "auth.permission", "pk": 40, "fields": {"name": "Can add like record", "content_type": 14, "codename": "add_likerecord"}}, {"model": "auth.permission", "pk": 41, "fields": {"name": "Can change like record", "content_type": 14, "codename": "change_likerecord"}}, {"model": "auth.permission", "pk": 42, "fields": {"name": "Can delete like record", "content_type": 14, "codename": "delete_likerecord"}}, {"model": "auth.permission", "pk": 43, "fields": {"name": "Can add profile", "content_type": 15, "codename": "add_profile"}}, {"model": "auth.permission", "pk": 44, "fields": {"name": "Can change profile", "content_type": 15, "codename": "change_profile"}}, {"model": "auth.permission", "pk": 45, "fields": {"name": "Can delete profile", "content_type": 15, "codename": "delete_profile"}}, {"model": "auth.user", "pk": 1, "fields": {"password": "pbkdf2_sha256$100000$hvqRSira1nuX$35O0L4h/a4+661rvcxAMyDlj1Rf0vSF9x3M6RGAGaLk=", "last_login": "2018-11-27T03:15:48.306Z", "is_superuser": true, "username": "mqm", "first_name": "", "last_name": "", "email": "m13726266010@163.com", "is_staff": true, "is_active": true, "date_joined": "2018-10-25T12:03:34.495Z", "groups": [], "user_permissions": []}}, {"model": "blog.blog", "pk": 3, "fields": {"title": "\u957f\u5185\u5bb9\u7684\u535a\u5ba2", "blog_type": 2, "content": "<h2>1\u3001\u6d4b\u8bd5</h2>\r\n\r\n<p>\u5927\u5e08\u5927\u5927\u53d1\u5927\u5e08\u5927\u5927\u53d1\u5927<strong>\u5e08\u5927\u5927\u53d1\u5927\u5e08</strong><br />\r\n\u5927\u5927\u53d1\u5927\u5e08\u5927\u5927\u53d1</p>\r\n\r\n<p><span style=\"color:#2ecc71\">jasdhkajsd</span></p>\r\n\r\n<p><span style=\"color:#2ecc71\">asjdh<span style=\"background-color:#f1c40f\">akdjsd</span></span></p>\r\n\r\n<p><img alt=\"\" src=\"/media/upload/2018/11/01/city.jpg\" style=\"height:240px; width:240px\" /></p>", "author": 1, "created_time": "2018-10-25T13:16:25.165Z", "last_updated_time": "2018-11-01T08:54:24.125Z"}}, {"model": "blog.blog", "pk": 4, "fields": {"title": "\u968f\u7b142", "blog_type": 2, "content": "\u5927\u6492\u7f51", "author": 1, "created_time": "2018-10-25T13:52:12.655Z", "last_updated_time": "2018-10-25T13:52:12.655Z"}}, {"model": "blog.blog", "pk": 5, "fields": {"title": "Django1", "blog_type": 1, "content": "test", "author": 1, "created_time": "2018-10-25T13:52:30.670Z", "last_updated_time": "2018-10-25T13:52:30.670Z"}}, {"model": "blog.blog", "pk": 6, "fields": {"title": "shell\u4e0b\u7b2c\u4e00\u7bc7", "blog_type": 1, "content": "xxxxxxxxx", "author": 1, "created_time": "2018-10-30T03:05:53.957Z", "last_updated_time": "2018-10-30T03:05:53.958Z"}}, {"model": "blog.blog", "pk": 7, "fields": {"title": "for 1", "blog_type": 1, "content": "xxxx:1", "author": 1, "created_time": "2018-10-30T03:13:31.676Z", "last_updated_time": "2018-10-30T03:13:31.676Z"}}, {"model": "blog.blog", "pk": 8, "fields": {"title": "for 2", "blog_type": 1, "content": "xxxx:2", "author": 1, "created_time": "2018-10-30T03:13:31.693Z", "last_updated_time": "2018-10-30T03:13:31.693Z"}}, {"model": "blog.blog", "pk": 9, "fields": {"title": "for 3", "blog_type": 1, "content": "xxxx:3", "author": 1, "created_time": "2018-10-30T03:13:31.715Z", "last_updated_time": "2018-10-30T03:13:31.715Z"}}, {"model": "blog.blog", "pk": 10, "fields": {"title": "for 4", "blog_type": 1, "content": "xxxx:4", "author": 1, "created_time": "2018-10-30T03:13:31.731Z", "last_updated_time": "2018-10-30T03:13:31.731Z"}}, {"model": "blog.blog", "pk": 11, "fields": {"title": "for 5", "blog_type": 1, "content": "xxxx:5", "author": 1, "created_time": "2018-10-30T03:13:31.748Z", "last_updated_time": "2018-10-30T03:13:31.748Z"}}, {"model": "blog.blog", "pk": 12, "fields": {"title": "for 6", "blog_type": 1, "content": "xxxx:6", "author": 1, "created_time": "2018-10-30T03:13:31.767Z", "last_updated_time": "2018-10-30T03:13:31.767Z"}}, {"model": "blog.blog", "pk": 13, "fields": {"title": "for 7", "blog_type": 1, "content": "xxxx:7", "author": 1, "created_time": "2018-10-30T03:13:31.784Z", "last_updated_time": "2018-10-30T03:13:31.784Z"}}, {"model": "blog.blog", "pk": 14, "fields": {"title": "for 8", "blog_type": 1, "content": "xxxx:8", "author": 1, "created_time": "2018-10-30T03:13:31.802Z", "last_updated_time": "2018-10-30T03:13:31.802Z"}}, {"model": "blog.blog", "pk": 15, "fields": {"title": "for 9", "blog_type": 1, "content": "xxxx:9", "author": 1, "created_time": "2018-10-30T03:13:31.818Z", "last_updated_time": "2018-10-30T03:13:31.818Z"}}, {"model": "blog.blog", "pk": 16, "fields": {"title": "for 10", "blog_type": 1, "content": "xxxx:10", "author": 1, "created_time": "2018-10-30T03:13:31.900Z", "last_updated_time": "2018-10-30T03:13:31.900Z"}}, {"model": "blog.blog", "pk": 17, "fields": {"title": "for 11", "blog_type": 1, "content": "xxxx:11", "author": 1, "created_time": "2018-10-30T03:13:31.916Z", "last_updated_time": "2018-10-30T03:13:31.916Z"}}, {"model": "blog.blog", "pk": 18, "fields": {"title": "for 12", "blog_type": 1, "content": "xxxx:12", "author": 1, "created_time": "2018-10-30T03:13:31.932Z", "last_updated_time": "2018-10-30T03:13:31.932Z"}}, {"model": "blog.blog", "pk": 19, "fields": {"title": "for 13", "blog_type": 1, "content": "xxxx:13", "author": 1, "created_time": "2018-10-30T03:13:31.948Z", "last_updated_time": "2018-10-30T03:13:31.948Z"}}, {"model": "blog.blog", "pk": 20, "fields": {"title": "for 14", "blog_type": 1, "content": "xxxx:14", "author": 1, "created_time": "2018-10-30T03:13:31.966Z", "last_updated_time": "2018-10-30T03:13:31.966Z"}}, {"model": "blog.blog", "pk": 21, "fields": {"title": "for 15", "blog_type": 1, "content": "xxxx:15", "author": 1, "created_time": "2018-10-30T03:13:31.982Z", "last_updated_time": "2018-10-30T03:13:31.982Z"}}, {"model": "blog.blog", "pk": 22, "fields": {"title": "for 16", "blog_type": 1, "content": "xxxx:16", "author": 1, "created_time": "2018-10-30T03:13:31.998Z", "last_updated_time": "2018-10-30T03:13:31.998Z"}}, {"model": "blog.blog", "pk": 23, "fields": {"title": "for 17", "blog_type": 1, "content": "xxxx:17", "author": 1, "created_time": "2018-10-30T03:13:32.013Z", "last_updated_time": "2018-10-30T03:13:32.013Z"}}, {"model": "blog.blog", "pk": 24, "fields": {"title": "for 18", "blog_type": 1, "content": "xxxx:18", "author": 1, "created_time": "2018-10-30T03:13:32.033Z", "last_updated_time": "2018-10-30T03:13:32.034Z"}}, {"model": "blog.blog", "pk": 25, "fields": {"title": "for 19", "blog_type": 1, "content": "xxxx:19", "author": 1, "created_time": "2018-10-30T03:13:32.051Z", "last_updated_time": "2018-10-30T03:13:32.051Z"}}, {"model": "blog.blog", "pk": 26, "fields": {"title": "for 20", "blog_type": 1, "content": "xxxx:20", "author": 1, "created_time": "2018-10-30T03:13:32.068Z", "last_updated_time": "2018-10-30T03:13:32.068Z"}}, {"model": "blog.blog", "pk": 27, "fields": {"title": "for 21", "blog_type": 1, "content": "xxxx:21", "author": 1, "created_time": "2018-10-30T03:13:32.084Z", "last_updated_time": "2018-10-30T03:13:32.084Z"}}, {"model": "blog.blog", "pk": 28, "fields": {"title": "for 22", "blog_type": 1, "content": "xxxx:22", "author": 1, "created_time": "2018-10-30T03:13:32.102Z", "last_updated_time": "2018-10-30T03:13:32.102Z"}}, {"model": "blog.blog", "pk": 29, "fields": {"title": "for 23", "blog_type": 1, "content": "xxxx:23", "author": 1, "created_time": "2018-10-30T03:13:32.119Z", "last_updated_time": "2018-10-30T03:13:32.119Z"}}, {"model": "blog.blog", "pk": 30, "fields": {"title": "for 24", "blog_type": 1, "content": "xxxx:24", "author": 1, "created_time": "2018-10-30T03:13:32.135Z", "last_updated_time": "2018-10-30T03:13:32.135Z"}}, {"model": "blog.blog", "pk": 31, "fields": {"title": "for 25", "blog_type": 1, "content": "xxxx:25", "author": 1, "created_time": "2018-10-30T03:13:32.151Z", "last_updated_time": "2018-10-30T03:13:32.151Z"}}, {"model": "blog.blog", "pk": 32, "fields": {"title": "for 26", "blog_type": 1, "content": "xxxx:26", "author": 1, "created_time": "2018-10-30T03:13:32.168Z", "last_updated_time": "2018-10-30T03:13:32.168Z"}}, {"model": "blog.blog", "pk": 33, "fields": {"title": "for 27", "blog_type": 1, "content": "xxxx:27", "author": 1, "created_time": "2018-10-30T03:13:32.185Z", "last_updated_time": "2018-10-30T03:13:32.185Z"}}, {"model": "blog.blog", "pk": 34, "fields": {"title": "for 28", "blog_type": 1, "content": "xxxx:28", "author": 1, "created_time": "2018-10-30T03:13:32.200Z", "last_updated_time": "2018-10-30T03:13:32.200Z"}}, {"model": "blog.blog", "pk": 35, "fields": {"title": "for 29", "blog_type": 1, "content": "xxxx:29", "author": 1, "created_time": "2018-10-30T03:13:32.215Z", "last_updated_time": "2018-11-01T13:16:48.659Z"}}, {"model": "blog.blog", "pk": 36, "fields": {"title": "for 30", "blog_type": 1, "content": "xxxx:30", "author": 1, "created_time": "2018-10-30T03:13:32.237Z", "last_updated_time": "2018-11-01T13:16:41.197Z"}}, {"model": "comment.comment", "pk": 1, "fields": {"content_type": 8, "object_id": 36, "text": "123", "comment_time": "2018-11-08T09:28:08.017Z", "user": 1, "root": null, "parent": null, "reply_to": null}}, {"model": "comment.comment", "pk": 2, "fields": {"content_type": 8, "object_id": 36, "text": "234", "comment_time": "2018-11-08T09:33:10.887Z", "user": 1, "root": null, "parent": null, "reply_to": null}}, {"model": "comment.comment", "pk": 3, "fields": {"content_type": 8, "object_id": 36, "text": "345", "comment_time": "2018-11-10T02:38:08.216Z", "user": 1, "root": null, "parent": null, "reply_to": null}}, {"model": "comment.comment", "pk": 4, "fields": {"content_type": 8, "object_id": 36, "text": "456", "comment_time": "2018-11-10T05:45:38.151Z", "user": 1, "root": null, "parent": null, "reply_to": null}}, {"model": "comment.comment", "pk": 5, "fields": {"content_type": 8, "object_id": 36, "text": "567", "comment_time": "2018-11-10T05:45:44.912Z", "user": 1, "root": null, "parent": null, "reply_to": null}}, {"model": "comment.comment", "pk": 6, "fields": {"content_type": 8, "object_id": 36, "text": "<blockquote>\r\n<p>&nbsp;</p>\r\n</blockquote>", "comment_time": "2018-11-10T06:20:18.922Z", "user": 1, "root": null, "parent": null, "reply_to": null}}, {"model": "comment.comment", "pk": 7, "fields": {"content_type": 8, "object_id": 36, "text": "<p><img alt=\"indecision\" height=\"23\" src=\"http://localhost:8000/static/ckeditor/ckeditor/plugins/smiley/images/whatchutalkingabout_smile.png\" title=\"indecision\" width=\"23\" /></p>", "comment_time": "2018-11-10T06:20:36.946Z", "user": 1, "root": null, "parent": null, "reply_to": null}}, {"model": "comment.comment", "pk": 8, "fields": {"content_type": 8, "object_id": 36, "text": "<p><img alt=\"indecision\" height=\"23\" src=\"http://localhost:8000/static/ckeditor/ckeditor/plugins/smiley/images/whatchutalkingabout_smile.png\" title=\"indecision\" width=\"23\" /></p>", "comment_time": "2018-11-10T06:22:08.252Z", "user": 1, "root": null, "parent": null, "reply_to": null}}, {"model": "comment.comment", "pk": 9, "fields": {"content_type": 8, "object_id": 36, "text": "<p>123</p>", "comment_time": "2018-11-10T06:49:34.059Z", "user": 1, "root": null, "parent": null, "reply_to": null}}, {"model": "comment.comment", "pk": 10, "fields": {"content_type": 8, "object_id": 36, "text": "<p>678</p>", "comment_time": "2018-11-10T06:55:09.660Z", "user": 1, "root": null, "parent": null, "reply_to": null}}, {"model": "comment.comment", "pk": 11, "fields": {"content_type": 8, "object_id": 36, "text": "<p>899</p>", "comment_time": "2018-11-10T07:06:22.878Z", "user": 1, "root": null, "parent": null, "reply_to": null}}, {"model": "comment.comment", "pk": 12, "fields": {"content_type": 8, "object_id": 36, "text": "<p>899</p>", "comment_time": "2018-11-10T07:08:08.387Z", "user": 1, "root": null, "parent": null, "reply_to": null}}, {"model": "comment.comment", "pk": 13, "fields": {"content_type": 8, "object_id": 36, "text": "<p>789</p>", "comment_time": "2018-11-10T07:08:40.926Z", "user": 1, "root": null, "parent": null, "reply_to": null}}, {"model": "comment.comment", "pk": 14, "fields": {"content_type": 8, "object_id": 36, "text": "<p>789</p>", "comment_time": "2018-11-10T07:10:40.125Z", "user": 1, "root": null, "parent": null, "reply_to": null}}, {"model": "comment.comment", "pk": 15, "fields": {"content_type": 8, "object_id": 36, "text": "<p>789</p>", "comment_time": "2018-11-10T07:12:02.220Z", "user": 1, "root": null, "parent": null, "reply_to": null}}, {"model": "comment.comment", "pk": 16, "fields": {"content_type": 8, "object_id": 36, "text": "<p>899</p>", "comment_time": "2018-11-10T07:12:11.708Z", "user": 1, "root": null, "parent": null, "reply_to": null}}, {"model": "comment.comment", "pk": 17, "fields": {"content_type": 8, "object_id": 36, "text": "<p>899</p>", "comment_time": "2018-11-10T07:16:16.341Z", "user": 1, "root": null, "parent": null, "reply_to": null}}, {"model": "comment.comment", "pk": 18, "fields": {"content_type": 8, "object_id": 36, "text": "<p>675</p>", "comment_time": "2018-11-10T07:30:19.502Z", "user": 1, "root": null, "parent": null, "reply_to": null}}, {"model": "comment.comment", "pk": 19, "fields": {"content_type": 8, "object_id": 36, "text": "<p><img alt=\"sad\" height=\"23\" src=\"http://localhost:8000/static/ckeditor/ckeditor/plugins/smiley/images/sad_smile.png\" title=\"sad\" width=\"23\" /></p>", "comment_time": "2018-11-10T07:37:32.121Z", "user": 1, "root": null, "parent": null, "reply_to": null}}, {"model": "comment.comment", "pk": 20, "fields": {"content_type": 8, "object_id": 36, "text": "123", "comment_time": "2018-11-11T12:19:04.629Z", "user": 1, "root": null, "parent": null, "reply_to": null}}, {"model": "comment.comment", "pk": 21, "fields": {"content_type": 8, "object_id": 35, "text": "123123", "comment_time": "2018-11-11T12:22:12.061Z", "user": 1, "root": null, "parent": 3, "reply_to": null}}, {"model": "comment.comment", "pk": 22, "fields": {"content_type": 8, "object_id": 36, "text": "123123", "comment_time": "2018-11-11T12:37:47.665Z", "user": 1, "root": 20, "parent": 1, "reply_to": 1}}, {"model": "comment.comment", "pk": 23, "fields": {"content_type": 8, "object_id": 36, "text": "<p>ad</p>", "comment_time": "2018-11-11T13:47:49.962Z", "user": 1, "root": 20, "parent": 22, "reply_to": 1}}, {"model": "comment.comment", "pk": 24, "fields": {"content_type": 8, "object_id": 36, "text": "<p>\u5927\u65b9</p>", "comment_time": "2018-11-11T13:48:01.940Z", "user": 1, "root": 20, "parent": 22, "reply_to": 1}}, {"model": "comment.comment", "pk": 25, "fields": {"content_type": 8, "object_id": 36, "text": "<p>asd</p>", "comment_time": "2018-11-11T13:48:12.483Z", "user": 1, "root": null, "parent": null, "reply_to": null}}, {"model": "comment.comment", "pk": 26, "fields": {"content_type": 8, "object_id": 36, "text": "<p>asd</p>", "comment_time": "2018-11-11T13:48:14.385Z", "user": 1, "root": null, "parent": null, "reply_to": null}}, {"model": "comment.comment", "pk": 27, "fields": {"content_type": 8, "object_id": 36, "text": "<p>asd</p>", "comment_time": "2018-11-11T13:48:15.520Z", "user": 1, "root": null, "parent": null, "reply_to": null}}, {"model": "comment.comment", "pk": 28, "fields": {"content_type": 8, "object_id": 36, "text": "<p>asd</p>", "comment_time": "2018-11-11T13:48:15.764Z", "user": 1, "root": null, "parent": null, "reply_to": null}}, {"model": "comment.comment", "pk": 29, "fields": {"content_type": 8, "object_id": 36, "text": "<p>\u554a\u554a</p>", "comment_time": "2018-11-11T13:48:22.174Z", "user": 1, "root": null, "parent": null, "reply_to": null}}, {"model": "comment.comment", "pk": 30, "fields": {"content_type": 8, "object_id": 36, "text": "<p>\u554a\u554a</p>", "comment_time": "2018-11-11T13:48:22.798Z", "user": 1, "root": null, "parent": null, "reply_to": null}}, {"model": "comment.comment", "pk": 31, "fields": {"content_type": 8, "object_id": 36, "text": "<p>\u554a\u554a</p>", "comment_time": "2018-11-11T13:48:23.401Z", "user": 1, "root": null, "parent": null, "reply_to": null}}, {"model": "comment.comment", "pk": 32, "fields": {"content_type": 8, "object_id": 36, "text": "<p>\u554a\u554a</p>", "comment_time": "2018-11-11T13:48:23.672Z", "user": 1, "root": null, "parent": null, "reply_to": null}}, {"model": "comment.comment", "pk": 33, "fields": {"content_type": 8, "object_id": 36, "text": "<p>\u554a\u554a</p>", "comment_time": "2018-11-11T13:48:31.207Z", "user": 1, "root": null, "parent": null, "reply_to": null}}, {"model": "comment.comment", "pk": 34, "fields": {"content_type": 8, "object_id": 36, "text": "<p>\u554a\u554a</p>", "comment_time": "2018-11-11T13:48:31.409Z", "user": 1, "root": null, "parent": null, "reply_to": null}}, {"model": "comment.comment", "pk": 35, "fields": {"content_type": 8, "object_id": 36, "text": "<p>\u554a\u554a</p>", "comment_time": "2018-11-11T13:48:31.461Z", "user": 1, "root": null, "parent": null, "reply_to": null}}, {"model": "comment.comment", "pk": 36, "fields": {"content_type": 8, "object_id": 36, "text": "<p>\u554a\u554a</p>", "comment_time": "2018-11-11T13:48:36.410Z", "user": 1, "root": 25, "parent": 25, "reply_to": 1}}, {"model": "comment.comment", "pk": 37, "fields": {"content_type": 8, "object_id": 36, "text": "<p>ad</p>", "comment_time": "2018-11-11T13:48:52.388Z", "user": 1, "root": null, "parent": null, "reply_to": null}}, {"model": "comment.comment", "pk": 38, "fields": {"content_type": 8, "object_id": 36, "text": "<p>\u5c34\u5c2c</p>", "comment_time": "2018-11-11T13:54:17.474Z", "user": 1, "root": null, "parent": null, "reply_to": null}}, {"model": "comment.comment", "pk": 39, "fields": {"content_type": 8, "object_id": 36, "text": "<p><img alt=\"indecision\" height=\"23\" src=\"http://localhost:8000/static/ckeditor/ckeditor/plugins/smiley/images/whatchutalkingabout_smile.png\" title=\"indecision\" width=\"23\" /></p>", "comment_time": "2018-11-11T13:54:25.971Z", "user": 1, "root": 38, "parent": 38, "reply_to": 1}}, {"model": "comment.comment", "pk": 40, "fields": {"content_type": 8, "object_id": 36, "text": "<p>\u51c9\u51c9</p>", "comment_time": "2018-11-11T13:54:32.559Z", "user": 1, "root": 38, "parent": 39, "reply_to": 1}}, {"model": "comment.comment", "pk": 41, "fields": {"content_type": 8, "object_id": 33, "text": "<p>123</p>", "comment_time": "2018-11-12T13:56:48.347Z", "user": 1, "root": null, "parent": null, "reply_to": null}}, {"model": "comment.comment", "pk": 42, "fields": {"content_type": 8, "object_id": 33, "text": "<p>\u7b2c\u4e8c\u6761</p>", "comment_time": "2018-11-12T14:29:10.900Z", "user": 1, "root": null, "parent": null, "reply_to": null}}, {"model": "comment.comment", "pk": 43, "fields": {"content_type": 8, "object_id": 33, "text": "<p>\u963f\u8fbe</p>", "comment_time": "2018-11-12T14:29:17.416Z", "user": 1, "root": 42, "parent": 42, "reply_to": 1}}, {"model": "comment.comment", "pk": 44, "fields": {"content_type": 8, "object_id": 33, "text": "<p>\u963f\u8428\u5fb7</p>", "comment_time": "2018-11-12T14:50:20.908Z", "user": 1, "root": 42, "parent": 43, "reply_to": 1}}, {"model": "comment.comment", "pk": 45, "fields": {"content_type": 8, "object_id": 33, "text": "<p>\u963f\u8428\u5fb7</p>", "comment_time": "2018-11-12T14:50:24.184Z", "user": 1, "root": 42, "parent": 43, "reply_to": 1}}, {"model": "comment.comment", "pk": 46, "fields": {"content_type": 8, "object_id": 33, "text": "<p>\u963f\u8428\u5fb7</p>", "comment_time": "2018-11-12T14:50:25.000Z", "user": 1, "root": 42, "parent": 43, "reply_to": 1}}, {"model": "comment.comment", "pk": 47, "fields": {"content_type": 8, "object_id": 33, "text": "<p>\u963f\u8428\u5fb7</p>", "comment_time": "2018-11-12T14:50:25.252Z", "user": 1, "root": 42, "parent": 43, "reply_to": 1}}, {"model": "comment.comment", "pk": 48, "fields": {"content_type": 8, "object_id": 33, "text": "<p>\u963f\u8428\u5fb7</p>", "comment_time": "2018-11-12T14:50:25.316Z", "user": 1, "root": 42, "parent": 43, "reply_to": 1}}, {"model": "comment.comment", "pk": 49, "fields": {"content_type": 8, "object_id": 33, "text": "<p>\u963f\u8428\u5fb7</p>", "comment_time": "2018-11-12T14:50:25.586Z", "user": 1, "root": 42, "parent": 43, "reply_to": 1}}, {"model": "comment.comment", "pk": 50, "fields": {"content_type": 8, "object_id": 33, "text": "<p>\u963f\u8428\u5fb7</p>", "comment_time": "2018-11-12T14:50:26.275Z", "user": 1, "root": 42, "parent": 43, "reply_to": 1}}, {"model": "comment.comment", "pk": 51, "fields": {"content_type": 8, "object_id": 33, "text": "<p>\u554a\u554a</p>", "comment_time": "2018-11-12T14:50:53.842Z", "user": 1, "root": 41, "parent": 41, "reply_to": 1}}, {"model": "comment.comment", "pk": 52, "fields": {"content_type": 8, "object_id": 33, "text": "<p>11</p>", "comment_time": "2018-11-12T14:51:20.116Z", "user": 1, "root": 41, "parent": 51, "reply_to": 1}}, {"model": "comment.comment", "pk": 53, "fields": {"content_type": 8, "object_id": 33, "text": "<p>123</p>", "comment_time": "2018-11-12T14:54:56.926Z", "user": 1, "root": 41, "parent": 52, "reply_to": 1}}, {"model": "comment.comment", "pk": 54, "fields": {"content_type": 8, "object_id": 33, "text": "<p>123</p>", "comment_time": "2018-11-12T15:01:59.566Z", "user": 1, "root": 42, "parent": 48, "reply_to": 1}}, {"model": "comment.comment", "pk": 55, "fields": {"content_type": 8, "object_id": 33, "text": "<p>\u963f\u8428\u5fb7</p>", "comment_time": "2018-11-12T15:14:15.817Z", "user": 1, "root": 41, "parent": 51, "reply_to": 1}}, {"model": "comment.comment", "pk": 56, "fields": {"content_type": 8, "object_id": 33, "text": "<p>\u563f\u563f</p>", "comment_time": "2018-11-12T15:15:36.800Z", "user": 1, "root": 42, "parent": 42, "reply_to": 1}}, {"model": "comment.comment", "pk": 57, "fields": {"content_type": 8, "object_id": 36, "text": "<p>11</p>", "comment_time": "2018-11-13T03:29:15.215Z", "user": 1, "root": 35, "parent": 35, "reply_to": 1}}, {"model": "comment.comment", "pk": 58, "fields": {"content_type": 8, "object_id": 36, "text": "<p>11</p>", "comment_time": "2018-11-13T03:29:17.031Z", "user": 1, "root": 35, "parent": 35, "reply_to": 1}}, {"model": "comment.comment", "pk": 59, "fields": {"content_type": 8, "object_id": 36, "text": "<p>123</p>", "comment_time": "2018-11-13T03:29:53.766Z", "user": 1, "root": null, "parent": null, "reply_to": null}}, {"model": "comment.comment", "pk": 60, "fields": {"content_type": 8, "object_id": 36, "text": "<p>23</p>", "comment_time": "2018-11-13T03:30:15.009Z", "user": 1, "root": 59, "parent": 59, "reply_to": 1}}, {"model": "comment.comment", "pk": 61, "fields": {"content_type": 8, "object_id": 31, "text": "<p>qwe</p>", "comment_time": "2018-11-13T11:15:55.340Z", "user": 1, "root": null, "parent": null, "reply_to": null}}, {"model": "comment.comment", "pk": 62, "fields": {"content_type": 8, "object_id": 31, "text": "<p>qweq</p>", "comment_time": "2018-11-13T11:16:00.862Z", "user": 1, "root": 61, "parent": 61, "reply_to": 1}}, {"model": "comment.comment", "pk": 63, "fields": {"content_type": 8, "object_id": 36, "text": "<p>11</p>", "comment_time": "2018-11-14T08:01:04.249Z", "user": 1, "root": 59, "parent": 60, "reply_to": 1}}, {"model": "comment.comment", "pk": 64, "fields": {"content_type": 8, "object_id": 36, "text": "<p>\u55e8</p>", "comment_time": "2018-11-18T05:47:08.253Z", "user": 1, "root": null, "parent": null, "reply_to": null}}, {"model": "comment.comment", "pk": 65, "fields": {"content_type": 8, "object_id": 36, "text": "<p>hi</p>", "comment_time": "2018-11-18T05:47:36.888Z", "user": 1, "root": 64, "parent": 64, "reply_to": 1}}, {"model": "comment.comment", "pk": 66, "fields": {"content_type": 8, "object_id": 36, "text": "<p>123</p>", "comment_time": "2018-11-18T10:24:34.708Z", "user": 1, "root": null, "parent": null, "reply_to": null}}, {"model": "comment.comment", "pk": 67, "fields": {"content_type": 8, "object_id": 36, "text": "<p>111</p>", "comment_time": "2018-11-18T10:27:58.734Z", "user": 1, "root": null, "parent": null, "reply_to": null}}, {"model": "comment.comment", "pk": 68, "fields": {"content_type": 8, "object_id": 36, "text": "<p>222</p>", "comment_time": "2018-11-18T10:37:14.598Z", "user": 1, "root": null, "parent": null, "reply_to": null}}, {"model": "likes.likerecord", "pk": 5, "fields": {"content_type": 8, "object_id": 33, "user": 1, "liked_time": "2018-11-13T02:44:37.904Z"}}, {"model": "likes.likerecord", "pk": 6, "fields": {"content_type": 8, "object_id": 32, "user": 1, "liked_time": "2018-11-13T02:44:49.514Z"}}, {"model": "likes.likerecord", "pk": 7, "fields": {"content_type": 8, "object_id": 36, "user": 1, "liked_time": "2018-11-13T03:29:04.662Z"}}, {"model": "likes.likerecord", "pk": 9, "fields": {"content_type": 12, "object_id": 59, "user": 1, "liked_time": "2018-11-13T03:29:59.059Z"}}, {"model": "likes.likerecord", "pk": 11, "fields": {"content_type": 12, "object_id": 61, "user": 1, "liked_time": "2018-11-13T11:15:57.465Z"}}, {"model": "likes.likerecord", "pk": 12, "fields": {"content_type": 8, "object_id": 31, "user": 1, "liked_time": "2018-11-13T11:16:02.576Z"}}, {"model": "user.profile", "pk": 1, "fields": {"user": 1, "nickname": "katrina"}}, {"model": "admin.logentry", "pk": 1, "fields": {"action_time": "2018-10-25T12:15:48.025Z", "user": 1, "content_type": 7, "object_id": "1", "object_repr": "BlogType object (1)", "action_flag": 1, "change_message": "[{\"added\": {}}]"}}, {"model": "admin.logentry", "pk": 2, "fields": {"action_time": "2018-10-25T12:15:57.711Z", "user": 1, "content_type": 7, "object_id": "2", "object_repr": "BlogType object (2)", "action_flag": 1, "change_message": "[{\"added\": {}}]"}}, {"model": "admin.logentry", "pk": 3, "fields": {"action_time": "2018-10-25T12:16:03.648Z", "user": 1, "content_type": 7, "object_id": "3", "object_repr": "BlogType object (3)", "action_flag": 1, "change_message": "[{\"added\": {}}]"}}, {"model": "admin.logentry", "pk": 4, "fields": {"action_time": "2018-10-25T12:18:40.455Z", "user": 1, "content_type": 8, "object_id": "1", "object_repr": "<Blog: \u7b2c\u4e00\u7bc7\u535a\u5ba2", "action_flag": 1, "change_message": "[{\"added\": {}}]"}}, {"model": "admin.logentry", "pk": 5, "fields": {"action_time": "2018-10-25T13:08:00.361Z", "user": 1, "content_type": 8, "object_id": "2", "object_repr": "<Blog: \u7b2c\u4e8c\u7bc7\u535a\u5ba2", "action_flag": 1, "change_message": "[{\"added\": {}}]"}}, {"model": "admin.logentry", "pk": 6, "fields": {"action_time": "2018-10-25T13:13:34.459Z", "user": 1, "content_type": 8, "object_id": "2", "object_repr": "<Blog: \u7b2c\u4e8c\u7bc7\u535a\u5ba2", "action_flag": 3, "change_message": ""}}, {"model": "admin.logentry", "pk": 7, "fields": {"action_time": "2018-10-25T13:13:34.478Z", "user": 1, "content_type": 8, "object_id": "1", "object_repr": "<Blog: \u7b2c\u4e00\u7bc7\u535a\u5ba2", "action_flag": 3, "change_message": ""}}, {"model": "admin.logentry", "pk": 8, "fields": {"action_time": "2018-10-25T13:16:25.167Z", "user": 1, "content_type": 8, "object_id": "3", "object_repr": "<Blog: \u957f\u5185\u5bb9\u7684\u535a\u5ba2", "action_flag": 1, "change_message": "[{\"added\": {}}]"}}, {"model": "admin.logentry", "pk": 9, "fields": {"action_time": "2018-10-25T13:52:12.658Z", "user": 1, "content_type": 8, "object_id": "4", "object_repr": "<Blog: \u968f\u7b142", "action_flag": 1, "change_message": "[{\"added\": {}}]"}}, {"model": "admin.logentry", "pk": 10, "fields": {"action_time": "2018-10-25T13:52:30.672Z", "user": 1, "content_type": 8, "object_id": "5", "object_repr": "<Blog: Django1", "action_flag": 1, "change_message": "[{\"added\": {}}]"}}, {"model": "admin.logentry", "pk": 11, "fields": {"action_time": "2018-11-01T08:16:37.684Z", "user": 1, "content_type": 8, "object_id": "3", "object_repr": "<Blog: \u957f\u5185\u5bb9\u7684\u535a\u5ba2", "action_flag": 2, "change_message": "[{\"changed\": {\"fields\": [\"content\"]}}]"}}, {"model": "admin.logentry", "pk": 12, "fields": {"action_time": "2018-11-01T08:33:12.369Z", "user": 1, "content_type": 8, "object_id": "3", "object_repr": "<Blog: \u957f\u5185\u5bb9\u7684\u535a\u5ba2", "action_flag": 2, "change_message": "[{\"changed\": {\"fields\": [\"content\"]}}]"}}, {"model": "admin.logentry", "pk": 13, "fields": {"action_time": "2018-11-01T08:54:24.148Z", "user": 1, "content_type": 8, "object_id": "3", "object_repr": "<Blog: \u957f\u5185\u5bb9\u7684\u535a\u5ba2", "action_flag": 2, "change_message": "[{\"changed\": {\"fields\": [\"content\"]}}]"}}, {"model": "admin.logentry", "pk": 14, "fields": {"action_time": "2018-11-05T12:47:30.514Z", "user": 1, "content_type": 9, "object_id": "1", "object_repr": "ReadNum object (1)", "action_flag": 1, "change_message": "[{\"added\": {}}]"}}, {"model": "admin.logentry", "pk": 15, "fields": {"action_time": "2018-11-05T15:40:28.258Z", "user": 1, "content_type": 10, "object_id": "1", "object_repr": "ReadNum object (1)", "action_flag": 1, "change_message": "[{\"added\": {}}]"}}, {"model": "admin.logentry", "pk": 16, "fields": {"action_time": "2018-11-06T02:22:37.848Z", "user": 1, "content_type": 11, "object_id": "1", "object_repr": "ReadDetail object (1)", "action_flag": 1, "change_message": "[{\"added\": {}}]"}}, {"model": "admin.logentry", "pk": 17, "fields": {"action_time": "2018-11-11T12:19:04.631Z", "user": 1, "content_type": 12, "object_id": "20", "object_repr": "Comment object (20)", "action_flag": 1, "change_message": "[{\"added\": {}}]"}}, {"model": "admin.logentry", "pk": 18, "fields": {"action_time": "2018-11-11T12:22:12.065Z", "user": 1, "content_type": 12, "object_id": "21", "object_repr": "123123", "action_flag": 1, "change_message": "[{\"added\": {}}]"}}, {"model": "admin.logentry", "pk": 19, "fields": {"action_time": "2018-11-11T12:37:47.666Z", "user": 1, "content_type": 12, "object_id": "22", "object_repr": "123123", "action_flag": 1, "change_message": "[{\"added\": {}}]"}}, {"model": "admin.logentry", "pk": 20, "fields": {"action_time": "2018-11-14T03:23:24.224Z", "user": 1, "content_type": 15, "object_id": "1", "object_repr": "<Profile:\u55b5\u55b5 for mqm>", "action_flag": 1, "change_message": "[{\"added\": {}}]"}}]